Energy,Detection Efficiency
20,0.00022377777777777782
30,0.0014440588235294118
50,0.006401058823529412
80,0.009532875
100,0.009896882352941177
200,0.008157058823529411
300,0.005876833333333333
500,0.003934117647058823
800,0.002694705882352941
1000,0.002238823529411765
1200,0.0018806666666666668
1400,0.0018324117647058825
1600,0.0016171764705882354
1800,0.0013536666666666666
2000,0.001305235294117647
2200,0.001188529411764706
2400,0.0011264444444444442
